{
  "accuracy": 0.6399999856948853,
  "loss": 0.6398606896400452,
  "val_accuracy": 0.5199999809265137,
  "val_loss": 0.6623674035072327,
  "epoch": 4,
  "global_step": 20
}