{
  "accuracy": 0.7400000095367432,
  "loss": 0.643280029296875,
  "val_accuracy": 0.550000011920929,
  "val_loss": 0.6646846532821655,
  "epoch": 4,
  "global_step": 20
}