{
  "accuracy": 0.5099999904632568,
  "loss": 0.6926611065864563,
  "val_accuracy": 0.5400000214576721,
  "val_loss": 0.6779676675796509,
  "epoch": 4,
  "global_step": 20
}