{
  "accuracy": 0.5199999809265137,
  "loss": 0.6599568724632263,
  "val_accuracy": 0.6000000238418579,
  "val_loss": 0.652687132358551,
  "epoch": 4,
  "global_step": 20
}