{
  "accuracy": 0.5899999737739563,
  "loss": 0.6852635741233826,
  "val_accuracy": 0.5099999904632568,
  "val_loss": 0.6865854859352112,
  "epoch": 4,
  "global_step": 20
}