{
  "accuracy": 0.7900000214576721,
  "loss": 0.6018616557121277,
  "val_accuracy": 0.6800000071525574,
  "val_loss": 0.6373447179794312,
  "epoch": 4,
  "global_step": 20
}